record,retained_raw_index,structural_raw_index,saved,numpy,torch,raw_error,transformed_error
1,0,0,0.8495799869257366,0.8495799869257369,0.8495799869257539,6.507878294569752e-12,1.652677994457008e-12
2,1,1,0.8818871608341565,0.8818871608341534,0.881887160834158,2.2714964697071026e-11,1.0738077094174514e-12
3,2,2,0.9087046973572482,0.9087046973572893,0.9087046973572783,5.179393615126963e-11,8.801404050018391e-12
4,3,3,0.7936269092482255,0.793626909248229,0.7936269092482322,3.075227975328795e-11,2.1402879468723768e-12
5,4,4,0.812742982583167,0.8127429825831538,0.8127429825831507,9.330082686959581e-12,1.1365353103087728e-12
6,5,5,0.8440984727379778,0.8440984727379842,0.8440984727379726,1.996537818493084e-11,9.625633623500107e-13
7,6,6,0.9108240696289186,0.9108240696289246,0.9108240696289239,4.332004228824359e-12,8.392175843141558e-13
8,7,7,0.832379430603016,0.8323794306030166,0.8323794306030154,1.2420255010038182e-11,9.979794768355532e-13
9,8,8,0.8425766341399584,0.842576634139963,0.8425766341399508,6.506586284697858e-12,1.9537149675841192e-12
10,9,9,0.8571725038059634,0.8571725038059725,0.8571725038059805,4.617176542099628e-12,9.352518759442319e-13
11,10,10,0.8257557040780842,0.825755704078099,0.8257557040780943,1.3789747278832181e-11,1.2276846206304981e-12
12,11,11,0.8467579240389479,0.8467579240389492,0.8467579240389443,2.907321033374686e-11,2.113198505071523e-12
13,12,12,0.8612735361564428,0.8612735361564433,0.8612735361564356,8.32992288994912e-12,1.3585244040825728e-12
14,13,13,0.8615483321617134,0.8615483321617012,0.8615483321617301,1.0658640921099343e-11,1.6535661728767082e-12
15,14,14,0.8532188882380292,0.8532188882380316,0.853218888238031,3.008951380494008e-12,1.1844969449725795e-12
16,15,15,0.807888162266739,0.8078881622667523,0.8078881622667393,2.5892771332816297e-12,4.383160501220118e-13
17,16,16,0.838404877900758,0.8384048779007501,0.8384048779007446,6.032690703324793e-12,8.004708007547379e-13
18,17,17,0.8677986178542322,0.8677986178542504,0.8677986178542645,5.4481574045973145e-12,2.8766711235306275e-12
19,18,18,0.8489097263317115,0.848909726331704,0.8489097263317076,3.1344444366315147e-12,6.836198274129401e-13
20,19,19,0.8600617189751375,0.8600617189751405,0.8600617189751285,1.3821258345700037e-11,1.624700374236454e-12
21,20,20,0.8915106088211018,0.8915106088210849,0.8915106088210905,3.5606317594813035e-12,2.013944566670034e-12
22,23,21,0.8101943169079753,0.8101943169079696,0.8101943169079571,7.059792455436851e-12,1.294631069015395e-12
23,24,22,0.8447946404225697,0.844794640422583,0.8447946404226022,7.09625328276229e-12,1.1649015085879455e-12
24,25,23,0.8933598162867254,0.8933598162867182,0.8933598162867262,1.2140105839414388e-11,1.0440537323574972e-12
25,26,24,0.7015502590632736,0.7015502590632541,0.7015502590632762,3.559243449971587e-12,8.607559109918839e-13
26,27,25,0.8458902197927216,0.8458902197927047,0.8458902197927147,1.639278145393734e-11,1.887379141862766e-12
27,29,26,0.8583690568655618,0.8583690568655643,0.8583690568655636,5.3433159934552945e-12,1.0001999228848035e-12
28,30,27,0.8596847342085382,0.8596847342085426,0.8596847342085475,2.206490120607322e-12,5.72930591857812e-13
29,31,28,0.8462240599410402,0.8462240599410495,0.8462240599410391,4.568736006099528e-12,6.317169010117141e-13
30,32,29,0.9360333899423258,0.9360333899423405,0.9360333899423168,7.284821672962e-12,2.285893696551966e-12
31,33,30,0.8958978801917704,0.8958978801918177,0.895897880191822,4.7775943209894125e-12,1.363298363088461e-12
32,34,31,0.8298263962111345,0.8298263962111356,0.829826396211164,1.8511420783896267e-12,5.843381334358355e-13
33,35,32,0.8413233897582422,0.8413233897582476,0.8413233897582355,3.358199523582759e-12,1.1399214905338795e-12
34,36,33,0.861655575833415,0.8616555758334099,0.8616555758334158,6.387453405492504e-12,5.708766792622555e-13
35,37,34,0.8547908326634717,0.8547908326634671,0.8547908326634814,2.918178968427478e-11,2.5077717680233036e-12
36,38,35,0.8544770157247443,0.8544770157247402,0.854477015724749,4.663774086645344e-12,1.2460033005368132e-12
